"example_dates","FJ_min_flow_cfs","Scott_River_Avg_Flow_m3day","Sugar_Avg_Flow_m3day","Miners_Avg_Flow_m3day","French_Avg_Flow_m3day","Etna_Avg_Flow_m3day","Johnson_Avg_Flow_m3day","Crystal_Avg_Flow_m3day","Patterson_Avg_Flow_m3day","Kidder_Avg_Flow_m3day","Moffett_Avg_Flow_m3day","Mill_Avg_Flow_m3day","Shackleford_Avg_Flow_m3day"
2019-10-01,40,52210.9846265925,8039.16595370164,3781.81431788841,3781.81431788841,14832.1477415985,1335.72557481616,1001.79418111212,6678.6278740808,10743.3054557211,2998.39030362134,12216.8856744561,13134.3492602622
2019-10-02,40,52210.9846265925,8039.16595370164,3781.81431788841,3781.81431788841,14832.1477415985,1335.72557481616,1001.79418111212,6678.6278740808,10743.3054557211,2998.39030362134,12216.8856744561,13134.3492602622
2019-10-03,40,52210.9846265925,8039.16595370164,3781.81431788841,3781.81431788841,14832.1477415985,1335.72557481616,1001.79418111212,6678.6278740808,10743.3054557211,2998.39030362134,12216.8856744561,13134.3492602622
2019-10-04,40,52210.9846265925,8039.16595370164,3781.81431788841,3781.81431788841,14832.1477415985,1335.72557481616,1001.79418111212,6678.6278740808,10743.3054557211,2998.39030362134,12216.8856744561,13134.3492602622
2019-10-05,40,52210.9846265925,8039.16595370164,3781.81431788841,3781.81431788841,14832.1477415985,1335.72557481616,1001.79418111212,6678.6278740808,10743.3054557211,2998.39030362134,12216.8856744561,13134.3492602622
2019-10-06,40,52210.9846265925,8039.16595370164,3781.81431788841,3781.81431788841,14832.1477415985,1335.72557481616,1001.79418111212,6678.6278740808,10743.3054557211,2998.39030362134,12216.8856744561,13134.3492602622
2019-10-07,40,52210.9846265925,8039.16595370164,3781.81431788841,3781.81431788841,14832.1477415985,1335.72557481616,1001.79418111212,6678.6278740808,10743.3054557211,2998.39030362134,12216.8856744561,13134.3492602622
2019-10-08,40,52210.9846265925,8039.16595370164,3781.81431788841,3781.81431788841,14832.1477415985,1335.72557481616,1001.79418111212,6678.6278740808,10743.3054557211,2998.39030362134,12216.8856744561,13134.3492602622
2019-10-09,40,52210.9846265925,8039.16595370164,3781.81431788841,3781.81431788841,14832.1477415985,1335.72557481616,1001.79418111212,6678.6278740808,10743.3054557211,2998.39030362134,12216.8856744561,13134.3492602622
2019-10-10,40,52210.9846265925,8039.16595370164,3781.81431788841,3781.81431788841,14832.1477415985,1335.72557481616,1001.79418111212,6678.6278740808,10743.3054557211,2998.39030362134,12216.8856744561,13134.3492602622
2019-10-11,40,52210.9846265925,8039.16595370164,3781.81431788841,3781.81431788841,14832.1477415985,1335.72557481616,1001.79418111212,6678.6278740808,10743.3054557211,2998.39030362134,12216.8856744561,13134.3492602622
2019-10-12,40,52210.9846265925,8039.16595370164,3781.81431788841,3781.81431788841,14832.1477415985,1335.72557481616,1001.79418111212,6678.6278740808,10743.3054557211,2998.39030362134,12216.8856744561,13134.3492602622
2019-10-13,40,52210.9846265925,8039.16595370164,3781.81431788841,3781.81431788841,14832.1477415985,1335.72557481616,1001.79418111212,6678.6278740808,10743.3054557211,2998.39030362134,12216.8856744561,13134.3492602622
2019-10-14,40,52210.9846265925,8039.16595370164,3781.81431788841,3781.81431788841,14832.1477415985,1335.72557481616,1001.79418111212,6678.6278740808,10743.3054557211,2998.39030362134,12216.8856744561,13134.3492602622
2019-10-15,40,52210.9846265925,8039.16595370164,3781.81431788841,3781.81431788841,14832.1477415985,1335.72557481616,1001.79418111212,6678.6278740808,10743.3054557211,2998.39030362134,12216.8856744561,13134.3492602622
2019-10-16,40,52210.9846265925,8039.16595370164,3781.81431788841,3781.81431788841,14832.1477415985,1335.72557481616,1001.79418111212,6678.6278740808,10743.3054557211,2998.39030362134,12216.8856744561,13134.3492602622
2019-10-17,40,52210.9846265925,8039.16595370164,3781.81431788841,3781.81431788841,14832.1477415985,1335.72557481616,1001.79418111212,6678.6278740808,10743.3054557211,2998.39030362134,12216.8856744561,13134.3492602622
2019-10-18,40,52210.9846265925,8039.16595370164,3781.81431788841,3781.81431788841,14832.1477415985,1335.72557481616,1001.79418111212,6678.6278740808,10743.3054557211,2998.39030362134,12216.8856744561,13134.3492602622
2019-10-19,40,52210.9846265925,8039.16595370164,3781.81431788841,3781.81431788841,14832.1477415985,1335.72557481616,1001.79418111212,6678.6278740808,10743.3054557211,2998.39030362134,12216.8856744561,13134.3492602622
2019-10-20,40,52210.9846265925,8039.16595370164,3781.81431788841,3781.81431788841,14832.1477415985,1335.72557481616,1001.79418111212,6678.6278740808,10743.3054557211,2998.39030362134,12216.8856744561,13134.3492602622
2019-10-21,40,52210.9846265925,8039.16595370164,3781.81431788841,3781.81431788841,14832.1477415985,1335.72557481616,1001.79418111212,6678.6278740808,10743.3054557211,2998.39030362134,12216.8856744561,13134.3492602622
2019-10-22,40,52210.9846265925,8039.16595370164,3781.81431788841,3781.81431788841,14832.1477415985,1335.72557481616,1001.79418111212,6678.6278740808,10743.3054557211,2998.39030362134,12216.8856744561,13134.3492602622
2019-10-23,40,52210.9846265925,8039.16595370164,3781.81431788841,3781.81431788841,14832.1477415985,1335.72557481616,1001.79418111212,6678.6278740808,10743.3054557211,2998.39030362134,12216.8856744561,13134.3492602622
2019-10-24,40,52210.9846265925,8039.16595370164,3781.81431788841,3781.81431788841,14832.1477415985,1335.72557481616,1001.79418111212,6678.6278740808,10743.3054557211,2998.39030362134,12216.8856744561,13134.3492602622
2019-10-25,40,52210.9846265925,8039.16595370164,3781.81431788841,3781.81431788841,14832.1477415985,1335.72557481616,1001.79418111212,6678.6278740808,10743.3054557211,2998.39030362134,12216.8856744561,13134.3492602622
2019-10-26,40,52210.9846265925,8039.16595370164,3781.81431788841,3781.81431788841,14832.1477415985,1335.72557481616,1001.79418111212,6678.6278740808,10743.3054557211,2998.39030362134,12216.8856744561,13134.3492602622
2019-10-27,40,52210.9846265925,8039.16595370164,3781.81431788841,3781.81431788841,14832.1477415985,1335.72557481616,1001.79418111212,6678.6278740808,10743.3054557211,2998.39030362134,12216.8856744561,13134.3492602622
2019-10-28,40,52210.9846265925,8039.16595370164,3781.81431788841,3781.81431788841,14832.1477415985,1335.72557481616,1001.79418111212,6678.6278740808,10743.3054557211,2998.39030362134,12216.8856744561,13134.3492602622
2019-10-29,40,52210.9846265925,8039.16595370164,3781.81431788841,3781.81431788841,14832.1477415985,1335.72557481616,1001.79418111212,6678.6278740808,10743.3054557211,2998.39030362134,12216.8856744561,13134.3492602622
2019-10-30,40,52210.9846265925,8039.16595370164,3781.81431788841,3781.81431788841,14832.1477415985,1335.72557481616,1001.79418111212,6678.6278740808,10743.3054557211,2998.39030362134,12216.8856744561,13134.3492602622
2019-10-31,40,52210.9846265925,8039.16595370164,3781.81431788841,3781.81431788841,14832.1477415985,1335.72557481616,1001.79418111212,6678.6278740808,10743.3054557211,2998.39030362134,12216.8856744561,13134.3492602622
2019-11-01,60,68737.3131360455,10259.5187612917,5526.34230370836,5526.34230370836,20615.8453300571,1832.05508865817,1374.04131649363,9160.27544329084,15921.7681700456,4163.14615980712,14643.3485543884,19083.3928826112
2019-11-02,60,68737.3131360455,10259.5187612917,5526.34230370836,5526.34230370836,20615.8453300571,1832.05508865817,1374.04131649363,9160.27544329084,15921.7681700456,4163.14615980712,14643.3485543884,19083.3928826112
2019-11-03,60,68737.3131360455,10259.5187612917,5526.34230370836,5526.34230370836,20615.8453300571,1832.05508865817,1374.04131649363,9160.27544329084,15921.7681700456,4163.14615980712,14643.3485543884,19083.3928826112
2019-11-04,60,68737.3131360455,10259.5187612917,5526.34230370836,5526.34230370836,20615.8453300571,1832.05508865817,1374.04131649363,9160.27544329084,15921.7681700456,4163.14615980712,14643.3485543884,19083.3928826112
2019-11-05,60,68737.3131360455,10259.5187612917,5526.34230370836,5526.34230370836,20615.8453300571,1832.05508865817,1374.04131649363,9160.27544329084,15921.7681700456,4163.14615980712,14643.3485543884,19083.3928826112
2019-11-06,60,68737.3131360455,10259.5187612917,5526.34230370836,5526.34230370836,20615.8453300571,1832.05508865817,1374.04131649363,9160.27544329084,15921.7681700456,4163.14615980712,14643.3485543884,19083.3928826112
2019-11-07,60,68737.3131360455,10259.5187612917,5526.34230370836,5526.34230370836,20615.8453300571,1832.05508865817,1374.04131649363,9160.27544329084,15921.7681700456,4163.14615980712,14643.3485543884,19083.3928826112
2019-11-08,60,68737.3131360455,10259.5187612917,5526.34230370836,5526.34230370836,20615.8453300571,1832.05508865817,1374.04131649363,9160.27544329084,15921.7681700456,4163.14615980712,14643.3485543884,19083.3928826112
2019-11-09,60,68737.3131360455,10259.5187612917,5526.34230370836,5526.34230370836,20615.8453300571,1832.05508865817,1374.04131649363,9160.27544329084,15921.7681700456,4163.14615980712,14643.3485543884,19083.3928826112
2019-11-10,60,68737.3131360455,10259.5187612917,5526.34230370836,5526.34230370836,20615.8453300571,1832.05508865817,1374.04131649363,9160.27544329084,15921.7681700456,4163.14615980712,14643.3485543884,19083.3928826112
2019-11-11,60,68737.3131360455,10259.5187612917,5526.34230370836,5526.34230370836,20615.8453300571,1832.05508865817,1374.04131649363,9160.27544329084,15921.7681700456,4163.14615980712,14643.3485543884,19083.3928826112
2019-11-12,60,68737.3131360455,10259.5187612917,5526.34230370836,5526.34230370836,20615.8453300571,1832.05508865817,1374.04131649363,9160.27544329084,15921.7681700456,4163.14615980712,14643.3485543884,19083.3928826112
2019-11-13,60,68737.3131360455,10259.5187612917,5526.34230370836,5526.34230370836,20615.8453300571,1832.05508865817,1374.04131649363,9160.27544329084,15921.7681700456,4163.14615980712,14643.3485543884,19083.3928826112
2019-11-14,60,68737.3131360455,10259.5187612917,5526.34230370836,5526.34230370836,20615.8453300571,1832.05508865817,1374.04131649363,9160.27544329084,15921.7681700456,4163.14615980712,14643.3485543884,19083.3928826112
2019-11-15,60,68737.3131360455,10259.5187612917,5526.34230370836,5526.34230370836,20615.8453300571,1832.05508865817,1374.04131649363,9160.27544329084,15921.7681700456,4163.14615980712,14643.3485543884,19083.3928826112
2019-11-16,60,68737.3131360455,10259.5187612917,5526.34230370836,5526.34230370836,20615.8453300571,1832.05508865817,1374.04131649363,9160.27544329084,15921.7681700456,4163.14615980712,14643.3485543884,19083.3928826112
2019-11-17,60,68737.3131360455,10259.5187612917,5526.34230370836,5526.34230370836,20615.8453300571,1832.05508865817,1374.04131649363,9160.27544329084,15921.7681700456,4163.14615980712,14643.3485543884,19083.3928826112
2019-11-18,60,68737.3131360455,10259.5187612917,5526.34230370836,5526.34230370836,20615.8453300571,1832.05508865817,1374.04131649363,9160.27544329084,15921.7681700456,4163.14615980712,14643.3485543884,19083.3928826112
2019-11-19,60,68737.3131360455,10259.5187612917,5526.34230370836,5526.34230370836,20615.8453300571,1832.05508865817,1374.04131649363,9160.27544329084,15921.7681700456,4163.14615980712,14643.3485543884,19083.3928826112
2019-11-20,60,68737.3131360455,10259.5187612917,5526.34230370836,5526.34230370836,20615.8453300571,1832.05508865817,1374.04131649363,9160.27544329084,15921.7681700456,4163.14615980712,14643.3485543884,19083.3928826112
2019-11-21,60,68737.3131360455,10259.5187612917,5526.34230370836,5526.34230370836,20615.8453300571,1832.05508865817,1374.04131649363,9160.27544329084,15921.7681700456,4163.14615980712,14643.3485543884,19083.3928826112
2019-11-22,60,68737.3131360455,10259.5187612917,5526.34230370836,5526.34230370836,20615.8453300571,1832.05508865817,1374.04131649363,9160.27544329084,15921.7681700456,4163.14615980712,14643.3485543884,19083.3928826112
2019-11-23,60,68737.3131360455,10259.5187612917,5526.34230370836,5526.34230370836,20615.8453300571,1832.05508865817,1374.04131649363,9160.27544329084,15921.7681700456,4163.14615980712,14643.3485543884,19083.3928826112
2019-11-24,60,68737.3131360455,10259.5187612917,5526.34230370836,5526.34230370836,20615.8453300571,1832.05508865817,1374.04131649363,9160.27544329084,15921.7681700456,4163.14615980712,14643.3485543884,19083.3928826112
2019-11-25,60,68737.3131360455,10259.5187612917,5526.34230370836,5526.34230370836,20615.8453300571,1832.05508865817,1374.04131649363,9160.27544329084,15921.7681700456,4163.14615980712,14643.3485543884,19083.3928826112
2019-11-26,60,68737.3131360455,10259.5187612917,5526.34230370836,5526.34230370836,20615.8453300571,1832.05508865817,1374.04131649363,9160.27544329084,15921.7681700456,4163.14615980712,14643.3485543884,19083.3928826112
2019-11-27,60,68737.3131360455,10259.5187612917,5526.34230370836,5526.34230370836,20615.8453300571,1832.05508865817,1374.04131649363,9160.27544329084,15921.7681700456,4163.14615980712,14643.3485543884,19083.3928826112
2019-11-28,60,68737.3131360455,10259.5187612917,5526.34230370836,5526.34230370836,20615.8453300571,1832.05508865817,1374.04131649363,9160.27544329084,15921.7681700456,4163.14615980712,14643.3485543884,19083.3928826112
2019-11-29,60,68737.3131360455,10259.5187612917,5526.34230370836,5526.34230370836,20615.8453300571,1832.05508865817,1374.04131649363,9160.27544329084,15921.7681700456,4163.14615980712,14643.3485543884,19083.3928826112
2019-11-30,60,68737.3131360455,10259.5187612917,5526.34230370836,5526.34230370836,20615.8453300571,1832.05508865817,1374.04131649363,9160.27544329084,15921.7681700456,4163.14615980712,14643.3485543884,19083.3928826112
2019-12-01,150,148476.320847889,20203.5702976242,13978.2869403959,13978.2869403959,46105.8981928167,3966.20288636554,2974.65216477416,19831.0144318277,40333.5175968084,9286.32127729751,22678.8220458372,47637.5268124488
2019-12-02,150,148476.320847889,20203.5702976242,13978.2869403959,13978.2869403959,46105.8981928167,3966.20288636554,2974.65216477416,19831.0144318277,40333.5175968084,9286.32127729751,22678.8220458372,47637.5268124488
2019-12-03,150,148476.320847889,20203.5702976242,13978.2869403959,13978.2869403959,46105.8981928167,3966.20288636554,2974.65216477416,19831.0144318277,40333.5175968084,9286.32127729751,22678.8220458372,47637.5268124488
2019-12-04,150,148476.320847889,20203.5702976242,13978.2869403959,13978.2869403959,46105.8981928167,3966.20288636554,2974.65216477416,19831.0144318277,40333.5175968084,9286.32127729751,22678.8220458372,47637.5268124488
2019-12-05,150,148476.320847889,20203.5702976242,13978.2869403959,13978.2869403959,46105.8981928167,3966.20288636554,2974.65216477416,19831.0144318277,40333.5175968084,9286.32127729751,22678.8220458372,47637.5268124488
2019-12-06,150,148476.320847889,20203.5702976242,13978.2869403959,13978.2869403959,46105.8981928167,3966.20288636554,2974.65216477416,19831.0144318277,40333.5175968084,9286.32127729751,22678.8220458372,47637.5268124488
2019-12-07,150,148476.320847889,20203.5702976242,13978.2869403959,13978.2869403959,46105.8981928167,3966.20288636554,2974.65216477416,19831.0144318277,40333.5175968084,9286.32127729751,22678.8220458372,47637.5268124488
2019-12-08,150,148476.320847889,20203.5702976242,13978.2869403959,13978.2869403959,46105.8981928167,3966.20288636554,2974.65216477416,19831.0144318277,40333.5175968084,9286.32127729751,22678.8220458372,47637.5268124488
2019-12-09,150,148476.320847889,20203.5702976242,13978.2869403959,13978.2869403959,46105.8981928167,3966.20288636554,2974.65216477416,19831.0144318277,40333.5175968084,9286.32127729751,22678.8220458372,47637.5268124488
2019-12-10,150,148476.320847889,20203.5702976242,13978.2869403959,13978.2869403959,46105.8981928167,3966.20288636554,2974.65216477416,19831.0144318277,40333.5175968084,9286.32127729751,22678.8220458372,47637.5268124488
2019-12-11,150,148476.320847889,20203.5702976242,13978.2869403959,13978.2869403959,46105.8981928167,3966.20288636554,2974.65216477416,19831.0144318277,40333.5175968084,9286.32127729751,22678.8220458372,47637.5268124488
2019-12-12,150,148476.320847889,20203.5702976242,13978.2869403959,13978.2869403959,46105.8981928167,3966.20288636554,2974.65216477416,19831.0144318277,40333.5175968084,9286.32127729751,22678.8220458372,47637.5268124488
2019-12-13,150,148476.320847889,20203.5702976242,13978.2869403959,13978.2869403959,46105.8981928167,3966.20288636554,2974.65216477416,19831.0144318277,40333.5175968084,9286.32127729751,22678.8220458372,47637.5268124488
2019-12-14,150,148476.320847889,20203.5702976242,13978.2869403959,13978.2869403959,46105.8981928167,3966.20288636554,2974.65216477416,19831.0144318277,40333.5175968084,9286.32127729751,22678.8220458372,47637.5268124488
2019-12-15,150,148476.320847889,20203.5702976242,13978.2869403959,13978.2869403959,46105.8981928167,3966.20288636554,2974.65216477416,19831.0144318277,40333.5175968084,9286.32127729751,22678.8220458372,47637.5268124488
2019-12-16,150,148476.320847889,20203.5702976242,13978.2869403959,13978.2869403959,46105.8981928167,3966.20288636554,2974.65216477416,19831.0144318277,40333.5175968084,9286.32127729751,22678.8220458372,47637.5268124488
2019-12-17,150,148476.320847889,20203.5702976242,13978.2869403959,13978.2869403959,46105.8981928167,3966.20288636554,2974.65216477416,19831.0144318277,40333.5175968084,9286.32127729751,22678.8220458372,47637.5268124488
2019-12-18,150,148476.320847889,20203.5702976242,13978.2869403959,13978.2869403959,46105.8981928167,3966.20288636554,2974.65216477416,19831.0144318277,40333.5175968084,9286.32127729751,22678.8220458372,47637.5268124488
2019-12-19,150,148476.320847889,20203.5702976242,13978.2869403959,13978.2869403959,46105.8981928167,3966.20288636554,2974.65216477416,19831.0144318277,40333.5175968084,9286.32127729751,22678.8220458372,47637.5268124488
2019-12-20,150,148476.320847889,20203.5702976242,13978.2869403959,13978.2869403959,46105.8981928167,3966.20288636554,2974.65216477416,19831.0144318277,40333.5175968084,9286.32127729751,22678.8220458372,47637.5268124488
2019-12-21,150,148476.320847889,20203.5702976242,13978.2869403959,13978.2869403959,46105.8981928167,3966.20288636554,2974.65216477416,19831.0144318277,40333.5175968084,9286.32127729751,22678.8220458372,47637.5268124488
2019-12-22,150,148476.320847889,20203.5702976242,13978.2869403959,13978.2869403959,46105.8981928167,3966.20288636554,2974.65216477416,19831.0144318277,40333.5175968084,9286.32127729751,22678.8220458372,47637.5268124488
2019-12-23,150,148476.320847889,20203.5702976242,13978.2869403959,13978.2869403959,46105.8981928167,3966.20288636554,2974.65216477416,19831.0144318277,40333.5175968084,9286.32127729751,22678.8220458372,47637.5268124488
2019-12-24,150,148476.320847889,20203.5702976242,13978.2869403959,13978.2869403959,46105.8981928167,3966.20288636554,2974.65216477416,19831.0144318277,40333.5175968084,9286.32127729751,22678.8220458372,47637.5268124488
2019-12-25,150,148476.320847889,20203.5702976242,13978.2869403959,13978.2869403959,46105.8981928167,3966.20288636554,2974.65216477416,19831.0144318277,40333.5175968084,9286.32127729751,22678.8220458372,47637.5268124488
2019-12-26,150,148476.320847889,20203.5702976242,13978.2869403959,13978.2869403959,46105.8981928167,3966.20288636554,2974.65216477416,19831.0144318277,40333.5175968084,9286.32127729751,22678.8220458372,47637.5268124488
2019-12-27,150,148476.320847889,20203.5702976242,13978.2869403959,13978.2869403959,46105.8981928167,3966.20288636554,2974.65216477416,19831.0144318277,40333.5175968084,9286.32127729751,22678.8220458372,47637.5268124488
2019-12-28,150,148476.320847889,20203.5702976242,13978.2869403959,13978.2869403959,46105.8981928167,3966.20288636554,2974.65216477416,19831.0144318277,40333.5175968084,9286.32127729751,22678.8220458372,47637.5268124488
2019-12-29,150,148476.320847889,20203.5702976242,13978.2869403959,13978.2869403959,46105.8981928167,3966.20288636554,2974.65216477416,19831.0144318277,40333.5175968084,9286.32127729751,22678.8220458372,47637.5268124488
2019-12-30,150,148476.320847889,20203.5702976242,13978.2869403959,13978.2869403959,46105.8981928167,3966.20288636554,2974.65216477416,19831.0144318277,40333.5175968084,9286.32127729751,22678.8220458372,47637.5268124488
2019-12-31,150,148476.320847889,20203.5702976242,13978.2869403959,13978.2869403959,46105.8981928167,3966.20288636554,2974.65216477416,19831.0144318277,40333.5175968084,9286.32127729751,22678.8220458372,47637.5268124488
2020-01-01,200,183139.982219708,24392.4906461069,18656.4440741119,18656.4440741119,59202.5754047121,5041.655907553,3781.24193066475,25208.279537765,53931.459021158,11914.4987746217,25999.1823897486,64004.2634565293
2020-01-02,200,183139.982219708,24392.4906461069,18656.4440741119,18656.4440741119,59202.5754047121,5041.655907553,3781.24193066475,25208.279537765,53931.459021158,11914.4987746217,25999.1823897486,64004.2634565293
2020-01-03,200,183139.982219708,24392.4906461069,18656.4440741119,18656.4440741119,59202.5754047121,5041.655907553,3781.24193066475,25208.279537765,53931.459021158,11914.4987746217,25999.1823897486,64004.2634565293
2020-01-04,200,183139.982219708,24392.4906461069,18656.4440741119,18656.4440741119,59202.5754047121,5041.655907553,3781.24193066475,25208.279537765,53931.459021158,11914.4987746217,25999.1823897486,64004.2634565293
2020-01-05,200,183139.982219708,24392.4906461069,18656.4440741119,18656.4440741119,59202.5754047121,5041.655907553,3781.24193066475,25208.279537765,53931.459021158,11914.4987746217,25999.1823897486,64004.2634565293
2020-01-06,200,183139.982219708,24392.4906461069,18656.4440741119,18656.4440741119,59202.5754047121,5041.655907553,3781.24193066475,25208.279537765,53931.459021158,11914.4987746217,25999.1823897486,64004.2634565293
2020-01-07,200,183139.982219708,24392.4906461069,18656.4440741119,18656.4440741119,59202.5754047121,5041.655907553,3781.24193066475,25208.279537765,53931.459021158,11914.4987746217,25999.1823897486,64004.2634565293
2020-01-08,200,183139.982219708,24392.4906461069,18656.4440741119,18656.4440741119,59202.5754047121,5041.655907553,3781.24193066475,25208.279537765,53931.459021158,11914.4987746217,25999.1823897486,64004.2634565293
2020-01-09,200,183139.982219708,24392.4906461069,18656.4440741119,18656.4440741119,59202.5754047121,5041.655907553,3781.24193066475,25208.279537765,53931.459021158,11914.4987746217,25999.1823897486,64004.2634565293
2020-01-10,200,183139.982219708,24392.4906461069,18656.4440741119,18656.4440741119,59202.5754047121,5041.655907553,3781.24193066475,25208.279537765,53931.459021158,11914.4987746217,25999.1823897486,64004.2634565293
2020-01-11,200,183139.982219708,24392.4906461069,18656.4440741119,18656.4440741119,59202.5754047121,5041.655907553,3781.24193066475,25208.279537765,53931.459021158,11914.4987746217,25999.1823897486,64004.2634565293
2020-01-12,200,183139.982219708,24392.4906461069,18656.4440741119,18656.4440741119,59202.5754047121,5041.655907553,3781.24193066475,25208.279537765,53931.459021158,11914.4987746217,25999.1823897486,64004.2634565293
2020-01-13,200,183139.982219708,24392.4906461069,18656.4440741119,18656.4440741119,59202.5754047121,5041.655907553,3781.24193066475,25208.279537765,53931.459021158,11914.4987746217,25999.1823897486,64004.2634565293
2020-01-14,200,183139.982219708,24392.4906461069,18656.4440741119,18656.4440741119,59202.5754047121,5041.655907553,3781.24193066475,25208.279537765,53931.459021158,11914.4987746217,25999.1823897486,64004.2634565293
2020-01-15,200,183139.982219708,24392.4906461069,18656.4440741119,18656.4440741119,59202.5754047121,5041.655907553,3781.24193066475,25208.279537765,53931.459021158,11914.4987746217,25999.1823897486,64004.2634565293
2020-01-16,200,183139.982219708,24392.4906461069,18656.4440741119,18656.4440741119,59202.5754047121,5041.655907553,3781.24193066475,25208.279537765,53931.459021158,11914.4987746217,25999.1823897486,64004.2634565293
2020-01-17,200,183139.982219708,24392.4906461069,18656.4440741119,18656.4440741119,59202.5754047121,5041.655907553,3781.24193066475,25208.279537765,53931.459021158,11914.4987746217,25999.1823897486,64004.2634565293
2020-01-18,200,183139.982219708,24392.4906461069,18656.4440741119,18656.4440741119,59202.5754047121,5041.655907553,3781.24193066475,25208.279537765,53931.459021158,11914.4987746217,25999.1823897486,64004.2634565293
2020-01-19,200,183139.982219708,24392.4906461069,18656.4440741119,18656.4440741119,59202.5754047121,5041.655907553,3781.24193066475,25208.279537765,53931.459021158,11914.4987746217,25999.1823897486,64004.2634565293
2020-01-20,200,183139.982219708,24392.4906461069,18656.4440741119,18656.4440741119,59202.5754047121,5041.655907553,3781.24193066475,25208.279537765,53931.459021158,11914.4987746217,25999.1823897486,64004.2634565293
2020-01-21,200,183139.982219708,24392.4906461069,18656.4440741119,18656.4440741119,59202.5754047121,5041.655907553,3781.24193066475,25208.279537765,53931.459021158,11914.4987746217,25999.1823897486,64004.2634565293
2020-01-22,200,183139.982219708,24392.4906461069,18656.4440741119,18656.4440741119,59202.5754047121,5041.655907553,3781.24193066475,25208.279537765,53931.459021158,11914.4987746217,25999.1823897486,64004.2634565293
2020-01-23,200,183139.982219708,24392.4906461069,18656.4440741119,18656.4440741119,59202.5754047121,5041.655907553,3781.24193066475,25208.279537765,53931.459021158,11914.4987746217,25999.1823897486,64004.2634565293
2020-01-24,200,183139.982219708,24392.4906461069,18656.4440741119,18656.4440741119,59202.5754047121,5041.655907553,3781.24193066475,25208.279537765,53931.459021158,11914.4987746217,25999.1823897486,64004.2634565293
2020-01-25,200,183139.982219708,24392.4906461069,18656.4440741119,18656.4440741119,59202.5754047121,5041.655907553,3781.24193066475,25208.279537765,53931.459021158,11914.4987746217,25999.1823897486,64004.2634565293
2020-01-26,200,183139.982219708,24392.4906461069,18656.4440741119,18656.4440741119,59202.5754047121,5041.655907553,3781.24193066475,25208.279537765,53931.459021158,11914.4987746217,25999.1823897486,64004.2634565293
2020-01-27,200,183139.982219708,24392.4906461069,18656.4440741119,18656.4440741119,59202.5754047121,5041.655907553,3781.24193066475,25208.279537765,53931.459021158,11914.4987746217,25999.1823897486,64004.2634565293
2020-01-28,200,183139.982219708,24392.4906461069,18656.4440741119,18656.4440741119,59202.5754047121,5041.655907553,3781.24193066475,25208.279537765,53931.459021158,11914.4987746217,25999.1823897486,64004.2634565293
2020-01-29,200,183139.982219708,24392.4906461069,18656.4440741119,18656.4440741119,59202.5754047121,5041.655907553,3781.24193066475,25208.279537765,53931.459021158,11914.4987746217,25999.1823897486,64004.2634565293
2020-01-30,200,183139.982219708,24392.4906461069,18656.4440741119,18656.4440741119,59202.5754047121,5041.655907553,3781.24193066475,25208.279537765,53931.459021158,11914.4987746217,25999.1823897486,64004.2634565293
2020-01-31,200,183139.982219708,24392.4906461069,18656.4440741119,18656.4440741119,59202.5754047121,5041.655907553,3781.24193066475,25208.279537765,53931.459021158,11914.4987746217,25999.1823897486,64004.2634565293
2020-02-01,200,183139.982219708,24392.4906461069,18656.4440741119,18656.4440741119,59202.5754047121,5041.655907553,3781.24193066475,25208.279537765,53931.459021158,11914.4987746217,25999.1823897486,64004.2634565293
2020-02-02,200,183139.982219708,24392.4906461069,18656.4440741119,18656.4440741119,59202.5754047121,5041.655907553,3781.24193066475,25208.279537765,53931.459021158,11914.4987746217,25999.1823897486,64004.2634565293
2020-02-03,200,183139.982219708,24392.4906461069,18656.4440741119,18656.4440741119,59202.5754047121,5041.655907553,3781.24193066475,25208.279537765,53931.459021158,11914.4987746217,25999.1823897486,64004.2634565293
2020-02-04,200,183139.982219708,24392.4906461069,18656.4440741119,18656.4440741119,59202.5754047121,5041.655907553,3781.24193066475,25208.279537765,53931.459021158,11914.4987746217,25999.1823897486,64004.2634565293
2020-02-05,200,183139.982219708,24392.4906461069,18656.4440741119,18656.4440741119,59202.5754047121,5041.655907553,3781.24193066475,25208.279537765,53931.459021158,11914.4987746217,25999.1823897486,64004.2634565293
2020-02-06,200,183139.982219708,24392.4906461069,18656.4440741119,18656.4440741119,59202.5754047121,5041.655907553,3781.24193066475,25208.279537765,53931.459021158,11914.4987746217,25999.1823897486,64004.2634565293
2020-02-07,200,183139.982219708,24392.4906461069,18656.4440741119,18656.4440741119,59202.5754047121,5041.655907553,3781.24193066475,25208.279537765,53931.459021158,11914.4987746217,25999.1823897486,64004.2634565293
2020-02-08,200,183139.982219708,24392.4906461069,18656.4440741119,18656.4440741119,59202.5754047121,5041.655907553,3781.24193066475,25208.279537765,53931.459021158,11914.4987746217,25999.1823897486,64004.2634565293
2020-02-09,200,183139.982219708,24392.4906461069,18656.4440741119,18656.4440741119,59202.5754047121,5041.655907553,3781.24193066475,25208.279537765,53931.459021158,11914.4987746217,25999.1823897486,64004.2634565293
2020-02-10,200,183139.982219708,24392.4906461069,18656.4440741119,18656.4440741119,59202.5754047121,5041.655907553,3781.24193066475,25208.279537765,53931.459021158,11914.4987746217,25999.1823897486,64004.2634565293
2020-02-11,200,183139.982219708,24392.4906461069,18656.4440741119,18656.4440741119,59202.5754047121,5041.655907553,3781.24193066475,25208.279537765,53931.459021158,11914.4987746217,25999.1823897486,64004.2634565293
2020-02-12,200,183139.982219708,24392.4906461069,18656.4440741119,18656.4440741119,59202.5754047121,5041.655907553,3781.24193066475,25208.279537765,53931.459021158,11914.4987746217,25999.1823897486,64004.2634565293
2020-02-13,200,183139.982219708,24392.4906461069,18656.4440741119,18656.4440741119,59202.5754047121,5041.655907553,3781.24193066475,25208.279537765,53931.459021158,11914.4987746217,25999.1823897486,64004.2634565293
2020-02-14,200,183139.982219708,24392.4906461069,18656.4440741119,18656.4440741119,59202.5754047121,5041.655907553,3781.24193066475,25208.279537765,53931.459021158,11914.4987746217,25999.1823897486,64004.2634565293
2020-02-15,200,183139.982219708,24392.4906461069,18656.4440741119,18656.4440741119,59202.5754047121,5041.655907553,3781.24193066475,25208.279537765,53931.459021158,11914.4987746217,25999.1823897486,64004.2634565293
2020-02-16,200,183139.982219708,24392.4906461069,18656.4440741119,18656.4440741119,59202.5754047121,5041.655907553,3781.24193066475,25208.279537765,53931.459021158,11914.4987746217,25999.1823897486,64004.2634565293
2020-02-17,200,183139.982219708,24392.4906461069,18656.4440741119,18656.4440741119,59202.5754047121,5041.655907553,3781.24193066475,25208.279537765,53931.459021158,11914.4987746217,25999.1823897486,64004.2634565293
2020-02-18,200,183139.982219708,24392.4906461069,18656.4440741119,18656.4440741119,59202.5754047121,5041.655907553,3781.24193066475,25208.279537765,53931.459021158,11914.4987746217,25999.1823897486,64004.2634565293
2020-02-19,200,183139.982219708,24392.4906461069,18656.4440741119,18656.4440741119,59202.5754047121,5041.655907553,3781.24193066475,25208.279537765,53931.459021158,11914.4987746217,25999.1823897486,64004.2634565293
2020-02-20,200,183139.982219708,24392.4906461069,18656.4440741119,18656.4440741119,59202.5754047121,5041.655907553,3781.24193066475,25208.279537765,53931.459021158,11914.4987746217,25999.1823897486,64004.2634565293
2020-02-21,200,183139.982219708,24392.4906461069,18656.4440741119,18656.4440741119,59202.5754047121,5041.655907553,3781.24193066475,25208.279537765,53931.459021158,11914.4987746217,25999.1823897486,64004.2634565293
2020-02-22,200,183139.982219708,24392.4906461069,18656.4440741119,18656.4440741119,59202.5754047121,5041.655907553,3781.24193066475,25208.279537765,53931.459021158,11914.4987746217,25999.1823897486,64004.2634565293
2020-02-23,200,183139.982219708,24392.4906461069,18656.4440741119,18656.4440741119,59202.5754047121,5041.655907553,3781.24193066475,25208.279537765,53931.459021158,11914.4987746217,25999.1823897486,64004.2634565293
2020-02-24,200,183139.982219708,24392.4906461069,18656.4440741119,18656.4440741119,59202.5754047121,5041.655907553,3781.24193066475,25208.279537765,53931.459021158,11914.4987746217,25999.1823897486,64004.2634565293
2020-02-25,200,183139.982219708,24392.4906461069,18656.4440741119,18656.4440741119,59202.5754047121,5041.655907553,3781.24193066475,25208.279537765,53931.459021158,11914.4987746217,25999.1823897486,64004.2634565293
2020-02-26,200,183139.982219708,24392.4906461069,18656.4440741119,18656.4440741119,59202.5754047121,5041.655907553,3781.24193066475,25208.279537765,53931.459021158,11914.4987746217,25999.1823897486,64004.2634565293
2020-02-27,200,183139.982219708,24392.4906461069,18656.4440741119,18656.4440741119,59202.5754047121,5041.655907553,3781.24193066475,25208.279537765,53931.459021158,11914.4987746217,25999.1823897486,64004.2634565293
2020-02-28,200,183139.982219708,24392.4906461069,18656.4440741119,18656.4440741119,59202.5754047121,5041.655907553,3781.24193066475,25208.279537765,53931.459021158,11914.4987746217,25999.1823897486,64004.2634565293
2020-02-29,200,183139.982219708,24392.4906461069,18656.4440741119,18656.4440741119,59202.5754047121,5041.655907553,3781.24193066475,25208.279537765,53931.459021158,11914.4987746217,25999.1823897486,64004.2634565293
2020-03-01,200,183139.982219708,24392.4906461069,18656.4440741119,18656.4440741119,59202.5754047121,5041.655907553,3781.24193066475,25208.279537765,53931.459021158,11914.4987746217,25999.1823897486,64004.2634565293
2020-03-02,200,183139.982219708,24392.4906461069,18656.4440741119,18656.4440741119,59202.5754047121,5041.655907553,3781.24193066475,25208.279537765,53931.459021158,11914.4987746217,25999.1823897486,64004.2634565293
2020-03-03,200,183139.982219708,24392.4906461069,18656.4440741119,18656.4440741119,59202.5754047121,5041.655907553,3781.24193066475,25208.279537765,53931.459021158,11914.4987746217,25999.1823897486,64004.2634565293
2020-03-04,200,183139.982219708,24392.4906461069,18656.4440741119,18656.4440741119,59202.5754047121,5041.655907553,3781.24193066475,25208.279537765,53931.459021158,11914.4987746217,25999.1823897486,64004.2634565293
2020-03-05,200,183139.982219708,24392.4906461069,18656.4440741119,18656.4440741119,59202.5754047121,5041.655907553,3781.24193066475,25208.279537765,53931.459021158,11914.4987746217,25999.1823897486,64004.2634565293
2020-03-06,200,183139.982219708,24392.4906461069,18656.4440741119,18656.4440741119,59202.5754047121,5041.655907553,3781.24193066475,25208.279537765,53931.459021158,11914.4987746217,25999.1823897486,64004.2634565293
2020-03-07,200,183139.982219708,24392.4906461069,18656.4440741119,18656.4440741119,59202.5754047121,5041.655907553,3781.24193066475,25208.279537765,53931.459021158,11914.4987746217,25999.1823897486,64004.2634565293
2020-03-08,200,183139.982219708,24392.4906461069,18656.4440741119,18656.4440741119,59202.5754047121,5041.655907553,3781.24193066475,25208.279537765,53931.459021158,11914.4987746217,25999.1823897486,64004.2634565293
2020-03-09,200,183139.982219708,24392.4906461069,18656.4440741119,18656.4440741119,59202.5754047121,5041.655907553,3781.24193066475,25208.279537765,53931.459021158,11914.4987746217,25999.1823897486,64004.2634565293
2020-03-10,200,183139.982219708,24392.4906461069,18656.4440741119,18656.4440741119,59202.5754047121,5041.655907553,3781.24193066475,25208.279537765,53931.459021158,11914.4987746217,25999.1823897486,64004.2634565293
2020-03-11,200,183139.982219708,24392.4906461069,18656.4440741119,18656.4440741119,59202.5754047121,5041.655907553,3781.24193066475,25208.279537765,53931.459021158,11914.4987746217,25999.1823897486,64004.2634565293
2020-03-12,200,183139.982219708,24392.4906461069,18656.4440741119,18656.4440741119,59202.5754047121,5041.655907553,3781.24193066475,25208.279537765,53931.459021158,11914.4987746217,25999.1823897486,64004.2634565293
2020-03-13,200,183139.982219708,24392.4906461069,18656.4440741119,18656.4440741119,59202.5754047121,5041.655907553,3781.24193066475,25208.279537765,53931.459021158,11914.4987746217,25999.1823897486,64004.2634565293
2020-03-14,200,183139.982219708,24392.4906461069,18656.4440741119,18656.4440741119,59202.5754047121,5041.655907553,3781.24193066475,25208.279537765,53931.459021158,11914.4987746217,25999.1823897486,64004.2634565293
2020-03-15,200,183139.982219708,24392.4906461069,18656.4440741119,18656.4440741119,59202.5754047121,5041.655907553,3781.24193066475,25208.279537765,53931.459021158,11914.4987746217,25999.1823897486,64004.2634565293
2020-03-16,200,183139.982219708,24392.4906461069,18656.4440741119,18656.4440741119,59202.5754047121,5041.655907553,3781.24193066475,25208.279537765,53931.459021158,11914.4987746217,25999.1823897486,64004.2634565293
2020-03-17,200,183139.982219708,24392.4906461069,18656.4440741119,18656.4440741119,59202.5754047121,5041.655907553,3781.24193066475,25208.279537765,53931.459021158,11914.4987746217,25999.1823897486,64004.2634565293
2020-03-18,200,183139.982219708,24392.4906461069,18656.4440741119,18656.4440741119,59202.5754047121,5041.655907553,3781.24193066475,25208.279537765,53931.459021158,11914.4987746217,25999.1823897486,64004.2634565293
2020-03-19,200,183139.982219708,24392.4906461069,18656.4440741119,18656.4440741119,59202.5754047121,5041.655907553,3781.24193066475,25208.279537765,53931.459021158,11914.4987746217,25999.1823897486,64004.2634565293
2020-03-20,200,183139.982219708,24392.4906461069,18656.4440741119,18656.4440741119,59202.5754047121,5041.655907553,3781.24193066475,25208.279537765,53931.459021158,11914.4987746217,25999.1823897486,64004.2634565293
2020-03-21,200,183139.982219708,24392.4906461069,18656.4440741119,18656.4440741119,59202.5754047121,5041.655907553,3781.24193066475,25208.279537765,53931.459021158,11914.4987746217,25999.1823897486,64004.2634565293
2020-03-22,200,183139.982219708,24392.4906461069,18656.4440741119,18656.4440741119,59202.5754047121,5041.655907553,3781.24193066475,25208.279537765,53931.459021158,11914.4987746217,25999.1823897486,64004.2634565293
2020-03-23,200,183139.982219708,24392.4906461069,18656.4440741119,18656.4440741119,59202.5754047121,5041.655907553,3781.24193066475,25208.279537765,53931.459021158,11914.4987746217,25999.1823897486,64004.2634565293
2020-03-24,200,183139.982219708,24392.4906461069,18656.4440741119,18656.4440741119,59202.5754047121,5041.655907553,3781.24193066475,25208.279537765,53931.459021158,11914.4987746217,25999.1823897486,64004.2634565293
2020-03-25,200,183139.982219708,24392.4906461069,18656.4440741119,18656.4440741119,59202.5754047121,5041.655907553,3781.24193066475,25208.279537765,53931.459021158,11914.4987746217,25999.1823897486,64004.2634565293
2020-03-26,200,183139.982219708,24392.4906461069,18656.4440741119,18656.4440741119,59202.5754047121,5041.655907553,3781.24193066475,25208.279537765,53931.459021158,11914.4987746217,25999.1823897486,64004.2634565293
2020-03-27,200,183139.982219708,24392.4906461069,18656.4440741119,18656.4440741119,59202.5754047121,5041.655907553,3781.24193066475,25208.279537765,53931.459021158,11914.4987746217,25999.1823897486,64004.2634565293
2020-03-28,200,183139.982219708,24392.4906461069,18656.4440741119,18656.4440741119,59202.5754047121,5041.655907553,3781.24193066475,25208.279537765,53931.459021158,11914.4987746217,25999.1823897486,64004.2634565293
2020-03-29,200,183139.982219708,24392.4906461069,18656.4440741119,18656.4440741119,59202.5754047121,5041.655907553,3781.24193066475,25208.279537765,53931.459021158,11914.4987746217,25999.1823897486,64004.2634565293
2020-03-30,200,183139.982219708,24392.4906461069,18656.4440741119,18656.4440741119,59202.5754047121,5041.655907553,3781.24193066475,25208.279537765,53931.459021158,11914.4987746217,25999.1823897486,64004.2634565293
2020-03-31,200,183139.982219708,24392.4906461069,18656.4440741119,18656.4440741119,59202.5754047121,5041.655907553,3781.24193066475,25208.279537765,53931.459021158,11914.4987746217,25999.1823897486,64004.2634565293
2020-04-01,150,148476.320847889,20203.5702976242,13978.2869403959,13978.2869403959,46105.8981928167,3966.20288636554,2974.65216477416,19831.0144318277,40333.5175968084,9286.32127729751,22678.8220458372,47637.5268124488
2020-04-02,150,148476.320847889,20203.5702976242,13978.2869403959,13978.2869403959,46105.8981928167,3966.20288636554,2974.65216477416,19831.0144318277,40333.5175968084,9286.32127729751,22678.8220458372,47637.5268124488
2020-04-03,150,148476.320847889,20203.5702976242,13978.2869403959,13978.2869403959,46105.8981928167,3966.20288636554,2974.65216477416,19831.0144318277,40333.5175968084,9286.32127729751,22678.8220458372,47637.5268124488
2020-04-04,150,148476.320847889,20203.5702976242,13978.2869403959,13978.2869403959,46105.8981928167,3966.20288636554,2974.65216477416,19831.0144318277,40333.5175968084,9286.32127729751,22678.8220458372,47637.5268124488
2020-04-05,150,148476.320847889,20203.5702976242,13978.2869403959,13978.2869403959,46105.8981928167,3966.20288636554,2974.65216477416,19831.0144318277,40333.5175968084,9286.32127729751,22678.8220458372,47637.5268124488
2020-04-06,150,148476.320847889,20203.5702976242,13978.2869403959,13978.2869403959,46105.8981928167,3966.20288636554,2974.65216477416,19831.0144318277,40333.5175968084,9286.32127729751,22678.8220458372,47637.5268124488
2020-04-07,150,148476.320847889,20203.5702976242,13978.2869403959,13978.2869403959,46105.8981928167,3966.20288636554,2974.65216477416,19831.0144318277,40333.5175968084,9286.32127729751,22678.8220458372,47637.5268124488
2020-04-08,150,148476.320847889,20203.5702976242,13978.2869403959,13978.2869403959,46105.8981928167,3966.20288636554,2974.65216477416,19831.0144318277,40333.5175968084,9286.32127729751,22678.8220458372,47637.5268124488
2020-04-09,150,148476.320847889,20203.5702976242,13978.2869403959,13978.2869403959,46105.8981928167,3966.20288636554,2974.65216477416,19831.0144318277,40333.5175968084,9286.32127729751,22678.8220458372,47637.5268124488
2020-04-10,150,148476.320847889,20203.5702976242,13978.2869403959,13978.2869403959,46105.8981928167,3966.20288636554,2974.65216477416,19831.0144318277,40333.5175968084,9286.32127729751,22678.8220458372,47637.5268124488
2020-04-11,150,148476.320847889,20203.5702976242,13978.2869403959,13978.2869403959,46105.8981928167,3966.20288636554,2974.65216477416,19831.0144318277,40333.5175968084,9286.32127729751,22678.8220458372,47637.5268124488
2020-04-12,150,148476.320847889,20203.5702976242,13978.2869403959,13978.2869403959,46105.8981928167,3966.20288636554,2974.65216477416,19831.0144318277,40333.5175968084,9286.32127729751,22678.8220458372,47637.5268124488
2020-04-13,150,148476.320847889,20203.5702976242,13978.2869403959,13978.2869403959,46105.8981928167,3966.20288636554,2974.65216477416,19831.0144318277,40333.5175968084,9286.32127729751,22678.8220458372,47637.5268124488
2020-04-14,150,148476.320847889,20203.5702976242,13978.2869403959,13978.2869403959,46105.8981928167,3966.20288636554,2974.65216477416,19831.0144318277,40333.5175968084,9286.32127729751,22678.8220458372,47637.5268124488
2020-04-15,150,148476.320847889,20203.5702976242,13978.2869403959,13978.2869403959,46105.8981928167,3966.20288636554,2974.65216477416,19831.0144318277,40333.5175968084,9286.32127729751,22678.8220458372,47637.5268124488
2020-04-16,150,148476.320847889,20203.5702976242,13978.2869403959,13978.2869403959,46105.8981928167,3966.20288636554,2974.65216477416,19831.0144318277,40333.5175968084,9286.32127729751,22678.8220458372,47637.5268124488
2020-04-17,150,148476.320847889,20203.5702976242,13978.2869403959,13978.2869403959,46105.8981928167,3966.20288636554,2974.65216477416,19831.0144318277,40333.5175968084,9286.32127729751,22678.8220458372,47637.5268124488
2020-04-18,150,148476.320847889,20203.5702976242,13978.2869403959,13978.2869403959,46105.8981928167,3966.20288636554,2974.65216477416,19831.0144318277,40333.5175968084,9286.32127729751,22678.8220458372,47637.5268124488
2020-04-19,150,148476.320847889,20203.5702976242,13978.2869403959,13978.2869403959,46105.8981928167,3966.20288636554,2974.65216477416,19831.0144318277,40333.5175968084,9286.32127729751,22678.8220458372,47637.5268124488
2020-04-20,150,148476.320847889,20203.5702976242,13978.2869403959,13978.2869403959,46105.8981928167,3966.20288636554,2974.65216477416,19831.0144318277,40333.5175968084,9286.32127729751,22678.8220458372,47637.5268124488
2020-04-21,150,148476.320847889,20203.5702976242,13978.2869403959,13978.2869403959,46105.8981928167,3966.20288636554,2974.65216477416,19831.0144318277,40333.5175968084,9286.32127729751,22678.8220458372,47637.5268124488
2020-04-22,150,148476.320847889,20203.5702976242,13978.2869403959,13978.2869403959,46105.8981928167,3966.20288636554,2974.65216477416,19831.0144318277,40333.5175968084,9286.32127729751,22678.8220458372,47637.5268124488
2020-04-23,150,148476.320847889,20203.5702976242,13978.2869403959,13978.2869403959,46105.8981928167,3966.20288636554,2974.65216477416,19831.0144318277,40333.5175968084,9286.32127729751,22678.8220458372,47637.5268124488
2020-04-24,150,148476.320847889,20203.5702976242,13978.2869403959,13978.2869403959,46105.8981928167,3966.20288636554,2974.65216477416,19831.0144318277,40333.5175968084,9286.32127729751,22678.8220458372,47637.5268124488
2020-04-25,150,148476.320847889,20203.5702976242,13978.2869403959,13978.2869403959,46105.8981928167,3966.20288636554,2974.65216477416,19831.0144318277,40333.5175968084,9286.32127729751,22678.8220458372,47637.5268124488
2020-04-26,150,148476.320847889,20203.5702976242,13978.2869403959,13978.2869403959,46105.8981928167,3966.20288636554,2974.65216477416,19831.0144318277,40333.5175968084,9286.32127729751,22678.8220458372,47637.5268124488
2020-04-27,150,148476.320847889,20203.5702976242,13978.2869403959,13978.2869403959,46105.8981928167,3966.20288636554,2974.65216477416,19831.0144318277,40333.5175968084,9286.32127729751,22678.8220458372,47637.5268124488
2020-04-28,150,148476.320847889,20203.5702976242,13978.2869403959,13978.2869403959,46105.8981928167,3966.20288636554,2974.65216477416,19831.0144318277,40333.5175968084,9286.32127729751,22678.8220458372,47637.5268124488
2020-04-29,150,148476.320847889,20203.5702976242,13978.2869403959,13978.2869403959,46105.8981928167,3966.20288636554,2974.65216477416,19831.0144318277,40333.5175968084,9286.32127729751,22678.8220458372,47637.5268124488
2020-04-30,150,148476.320847889,20203.5702976242,13978.2869403959,13978.2869403959,46105.8981928167,3966.20288636554,2974.65216477416,19831.0144318277,40333.5175968084,9286.32127729751,22678.8220458372,47637.5268124488
2020-05-01,150,148476.320847889,20203.5702976242,13978.2869403959,13978.2869403959,46105.8981928167,3966.20288636554,2974.65216477416,19831.0144318277,40333.5175968084,9286.32127729751,22678.8220458372,47637.5268124488
2020-05-02,150,148476.320847889,20203.5702976242,13978.2869403959,13978.2869403959,46105.8981928167,3966.20288636554,2974.65216477416,19831.0144318277,40333.5175968084,9286.32127729751,22678.8220458372,47637.5268124488
2020-05-03,150,148476.320847889,20203.5702976242,13978.2869403959,13978.2869403959,46105.8981928167,3966.20288636554,2974.65216477416,19831.0144318277,40333.5175968084,9286.32127729751,22678.8220458372,47637.5268124488
2020-05-04,150,148476.320847889,20203.5702976242,13978.2869403959,13978.2869403959,46105.8981928167,3966.20288636554,2974.65216477416,19831.0144318277,40333.5175968084,9286.32127729751,22678.8220458372,47637.5268124488
2020-05-05,150,148476.320847889,20203.5702976242,13978.2869403959,13978.2869403959,46105.8981928167,3966.20288636554,2974.65216477416,19831.0144318277,40333.5175968084,9286.32127729751,22678.8220458372,47637.5268124488
2020-05-06,150,148476.320847889,20203.5702976242,13978.2869403959,13978.2869403959,46105.8981928167,3966.20288636554,2974.65216477416,19831.0144318277,40333.5175968084,9286.32127729751,22678.8220458372,47637.5268124488
2020-05-07,150,148476.320847889,20203.5702976242,13978.2869403959,13978.2869403959,46105.8981928167,3966.20288636554,2974.65216477416,19831.0144318277,40333.5175968084,9286.32127729751,22678.8220458372,47637.5268124488
2020-05-08,150,148476.320847889,20203.5702976242,13978.2869403959,13978.2869403959,46105.8981928167,3966.20288636554,2974.65216477416,19831.0144318277,40333.5175968084,9286.32127729751,22678.8220458372,47637.5268124488
2020-05-09,150,148476.320847889,20203.5702976242,13978.2869403959,13978.2869403959,46105.8981928167,3966.20288636554,2974.65216477416,19831.0144318277,40333.5175968084,9286.32127729751,22678.8220458372,47637.5268124488
2020-05-10,150,148476.320847889,20203.5702976242,13978.2869403959,13978.2869403959,46105.8981928167,3966.20288636554,2974.65216477416,19831.0144318277,40333.5175968084,9286.32127729751,22678.8220458372,47637.5268124488
2020-05-11,150,148476.320847889,20203.5702976242,13978.2869403959,13978.2869403959,46105.8981928167,3966.20288636554,2974.65216477416,19831.0144318277,40333.5175968084,9286.32127729751,22678.8220458372,47637.5268124488
2020-05-12,150,148476.320847889,20203.5702976242,13978.2869403959,13978.2869403959,46105.8981928167,3966.20288636554,2974.65216477416,19831.0144318277,40333.5175968084,9286.32127729751,22678.8220458372,47637.5268124488
2020-05-13,150,148476.320847889,20203.5702976242,13978.2869403959,13978.2869403959,46105.8981928167,3966.20288636554,2974.65216477416,19831.0144318277,40333.5175968084,9286.32127729751,22678.8220458372,47637.5268124488
2020-05-14,150,148476.320847889,20203.5702976242,13978.2869403959,13978.2869403959,46105.8981928167,3966.20288636554,2974.65216477416,19831.0144318277,40333.5175968084,9286.32127729751,22678.8220458372,47637.5268124488
2020-05-15,150,148476.320847889,20203.5702976242,13978.2869403959,13978.2869403959,46105.8981928167,3966.20288636554,2974.65216477416,19831.0144318277,40333.5175968084,9286.32127729751,22678.8220458372,47637.5268124488
2020-05-16,150,148476.320847889,20203.5702976242,13978.2869403959,13978.2869403959,46105.8981928167,3966.20288636554,2974.65216477416,19831.0144318277,40333.5175968084,9286.32127729751,22678.8220458372,47637.5268124488
2020-05-17,150,148476.320847889,20203.5702976242,13978.2869403959,13978.2869403959,46105.8981928167,3966.20288636554,2974.65216477416,19831.0144318277,40333.5175968084,9286.32127729751,22678.8220458372,47637.5268124488
2020-05-18,150,148476.320847889,20203.5702976242,13978.2869403959,13978.2869403959,46105.8981928167,3966.20288636554,2974.65216477416,19831.0144318277,40333.5175968084,9286.32127729751,22678.8220458372,47637.5268124488
2020-05-19,150,148476.320847889,20203.5702976242,13978.2869403959,13978.2869403959,46105.8981928167,3966.20288636554,2974.65216477416,19831.0144318277,40333.5175968084,9286.32127729751,22678.8220458372,47637.5268124488
2020-05-20,150,148476.320847889,20203.5702976242,13978.2869403959,13978.2869403959,46105.8981928167,3966.20288636554,2974.65216477416,19831.0144318277,40333.5175968084,9286.32127729751,22678.8220458372,47637.5268124488
2020-05-21,150,148476.320847889,20203.5702976242,13978.2869403959,13978.2869403959,46105.8981928167,3966.20288636554,2974.65216477416,19831.0144318277,40333.5175968084,9286.32127729751,22678.8220458372,47637.5268124488
2020-05-22,150,148476.320847889,20203.5702976242,13978.2869403959,13978.2869403959,46105.8981928167,3966.20288636554,2974.65216477416,19831.0144318277,40333.5175968084,9286.32127729751,22678.8220458372,47637.5268124488
2020-05-23,150,148476.320847889,20203.5702976242,13978.2869403959,13978.2869403959,46105.8981928167,3966.20288636554,2974.65216477416,19831.0144318277,40333.5175968084,9286.32127729751,22678.8220458372,47637.5268124488
2020-05-24,150,148476.320847889,20203.5702976242,13978.2869403959,13978.2869403959,46105.8981928167,3966.20288636554,2974.65216477416,19831.0144318277,40333.5175968084,9286.32127729751,22678.8220458372,47637.5268124488
2020-05-25,150,148476.320847889,20203.5702976242,13978.2869403959,13978.2869403959,46105.8981928167,3966.20288636554,2974.65216477416,19831.0144318277,40333.5175968084,9286.32127729751,22678.8220458372,47637.5268124488
2020-05-26,150,148476.320847889,20203.5702976242,13978.2869403959,13978.2869403959,46105.8981928167,3966.20288636554,2974.65216477416,19831.0144318277,40333.5175968084,9286.32127729751,22678.8220458372,47637.5268124488
2020-05-27,150,148476.320847889,20203.5702976242,13978.2869403959,13978.2869403959,46105.8981928167,3966.20288636554,2974.65216477416,19831.0144318277,40333.5175968084,9286.32127729751,22678.8220458372,47637.5268124488
2020-05-28,150,148476.320847889,20203.5702976242,13978.2869403959,13978.2869403959,46105.8981928167,3966.20288636554,2974.65216477416,19831.0144318277,40333.5175968084,9286.32127729751,22678.8220458372,47637.5268124488
2020-05-29,150,148476.320847889,20203.5702976242,13978.2869403959,13978.2869403959,46105.8981928167,3966.20288636554,2974.65216477416,19831.0144318277,40333.5175968084,9286.32127729751,22678.8220458372,47637.5268124488
2020-05-30,150,148476.320847889,20203.5702976242,13978.2869403959,13978.2869403959,46105.8981928167,3966.20288636554,2974.65216477416,19831.0144318277,40333.5175968084,9286.32127729751,22678.8220458372,47637.5268124488
2020-05-31,150,148476.320847889,20203.5702976242,13978.2869403959,13978.2869403959,46105.8981928167,3966.20288636554,2974.65216477416,19831.0144318277,40333.5175968084,9286.32127729751,22678.8220458372,47637.5268124488
2020-06-01,125,125577.190616523,17618.2091185469,11709.9289407901,11709.9289407901,39614.0232610556,3428.69988302388,2571.52491226791,17143.4994151194,33914.4540169583,7982.70074726304,20873.8833267954,39962.7463938704
2020-06-02,125,125577.190616523,17618.2091185469,11709.9289407901,11709.9289407901,39614.0232610556,3428.69988302388,2571.52491226791,17143.4994151194,33914.4540169583,7982.70074726304,20873.8833267954,39962.7463938704
2020-06-03,125,125577.190616523,17618.2091185469,11709.9289407901,11709.9289407901,39614.0232610556,3428.69988302388,2571.52491226791,17143.4994151194,33914.4540169583,7982.70074726304,20873.8833267954,39962.7463938704
2020-06-04,125,125577.190616523,17618.2091185469,11709.9289407901,11709.9289407901,39614.0232610556,3428.69988302388,2571.52491226791,17143.4994151194,33914.4540169583,7982.70074726304,20873.8833267954,39962.7463938704
2020-06-05,125,125577.190616523,17618.2091185469,11709.9289407901,11709.9289407901,39614.0232610556,3428.69988302388,2571.52491226791,17143.4994151194,33914.4540169583,7982.70074726304,20873.8833267954,39962.7463938704
2020-06-06,125,125577.190616523,17618.2091185469,11709.9289407901,11709.9289407901,39614.0232610556,3428.69988302388,2571.52491226791,17143.4994151194,33914.4540169583,7982.70074726304,20873.8833267954,39962.7463938704
2020-06-07,125,125577.190616523,17618.2091185469,11709.9289407901,11709.9289407901,39614.0232610556,3428.69988302388,2571.52491226791,17143.4994151194,33914.4540169583,7982.70074726304,20873.8833267954,39962.7463938704
2020-06-08,125,125577.190616523,17618.2091185469,11709.9289407901,11709.9289407901,39614.0232610556,3428.69988302388,2571.52491226791,17143.4994151194,33914.4540169583,7982.70074726304,20873.8833267954,39962.7463938704
2020-06-09,125,125577.190616523,17618.2091185469,11709.9289407901,11709.9289407901,39614.0232610556,3428.69988302388,2571.52491226791,17143.4994151194,33914.4540169583,7982.70074726304,20873.8833267954,39962.7463938704
2020-06-10,125,125577.190616523,17618.2091185469,11709.9289407901,11709.9289407901,39614.0232610556,3428.69988302388,2571.52491226791,17143.4994151194,33914.4540169583,7982.70074726304,20873.8833267954,39962.7463938704
2020-06-11,125,125577.190616523,17618.2091185469,11709.9289407901,11709.9289407901,39614.0232610556,3428.69988302388,2571.52491226791,17143.4994151194,33914.4540169583,7982.70074726304,20873.8833267954,39962.7463938704
2020-06-12,125,125577.190616523,17618.2091185469,11709.9289407901,11709.9289407901,39614.0232610556,3428.69988302388,2571.52491226791,17143.4994151194,33914.4540169583,7982.70074726304,20873.8833267954,39962.7463938704
2020-06-13,125,125577.190616523,17618.2091185469,11709.9289407901,11709.9289407901,39614.0232610556,3428.69988302388,2571.52491226791,17143.4994151194,33914.4540169583,7982.70074726304,20873.8833267954,39962.7463938704
2020-06-14,125,125577.190616523,17618.2091185469,11709.9289407901,11709.9289407901,39614.0232610556,3428.69988302388,2571.52491226791,17143.4994151194,33914.4540169583,7982.70074726304,20873.8833267954,39962.7463938704
2020-06-15,125,125577.190616523,17618.2091185469,11709.9289407901,11709.9289407901,39614.0232610556,3428.69988302388,2571.52491226791,17143.4994151194,33914.4540169583,7982.70074726304,20873.8833267954,39962.7463938704
2020-06-16,125,125577.190616523,17618.2091185469,11709.9289407901,11709.9289407901,39614.0232610556,3428.69988302388,2571.52491226791,17143.4994151194,33914.4540169583,7982.70074726304,20873.8833267954,39962.7463938704
2020-06-17,125,125577.190616523,17618.2091185469,11709.9289407901,11709.9289407901,39614.0232610556,3428.69988302388,2571.52491226791,17143.4994151194,33914.4540169583,7982.70074726304,20873.8833267954,39962.7463938704
2020-06-18,125,125577.190616523,17618.2091185469,11709.9289407901,11709.9289407901,39614.0232610556,3428.69988302388,2571.52491226791,17143.4994151194,33914.4540169583,7982.70074726304,20873.8833267954,39962.7463938704
2020-06-19,125,125577.190616523,17618.2091185469,11709.9289407901,11709.9289407901,39614.0232610556,3428.69988302388,2571.52491226791,17143.4994151194,33914.4540169583,7982.70074726304,20873.8833267954,39962.7463938704
2020-06-20,125,125577.190616523,17618.2091185469,11709.9289407901,11709.9289407901,39614.0232610556,3428.69988302388,2571.52491226791,17143.4994151194,33914.4540169583,7982.70074726304,20873.8833267954,39962.7463938704
2020-06-21,125,125577.190616523,17618.2091185469,11709.9289407901,11709.9289407901,39614.0232610556,3428.69988302388,2571.52491226791,17143.4994151194,33914.4540169583,7982.70074726304,20873.8833267954,39962.7463938704
2020-06-22,125,125577.190616523,17618.2091185469,11709.9289407901,11709.9289407901,39614.0232610556,3428.69988302388,2571.52491226791,17143.4994151194,33914.4540169583,7982.70074726304,20873.8833267954,39962.7463938704
2020-06-23,125,125577.190616523,17618.2091185469,11709.9289407901,11709.9289407901,39614.0232610556,3428.69988302388,2571.52491226791,17143.4994151194,33914.4540169583,7982.70074726304,20873.8833267954,39962.7463938704
2020-06-24,90,96388.8715127964,14051.470322569,8546.6568054361,8546.6568054361,30110.7586325592,2635.20195896736,1976.40146922552,13176.0097948368,24792.1754262154,6073.07740720481,17874.603475117,29048.0126144321
2020-06-25,90,96388.8715127964,14051.470322569,8546.6568054361,8546.6568054361,30110.7586325592,2635.20195896736,1976.40146922552,13176.0097948368,24792.1754262154,6073.07740720481,17874.603475117,29048.0126144321
2020-06-26,90,96388.8715127964,14051.470322569,8546.6568054361,8546.6568054361,30110.7586325592,2635.20195896736,1976.40146922552,13176.0097948368,24792.1754262154,6073.07740720481,17874.603475117,29048.0126144321
2020-06-27,90,96388.8715127964,14051.470322569,8546.6568054361,8546.6568054361,30110.7586325592,2635.20195896736,1976.40146922552,13176.0097948368,24792.1754262154,6073.07740720481,17874.603475117,29048.0126144321
2020-06-28,90,96388.8715127964,14051.470322569,8546.6568054361,8546.6568054361,30110.7586325592,2635.20195896736,1976.40146922552,13176.0097948368,24792.1754262154,6073.07740720481,17874.603475117,29048.0126144321
2020-06-29,90,96388.8715127964,14051.470322569,8546.6568054361,8546.6568054361,30110.7586325592,2635.20195896736,1976.40146922552,13176.0097948368,24792.1754262154,6073.07740720481,17874.603475117,29048.0126144321
2020-06-30,90,96388.8715127964,14051.470322569,8546.6568054361,8546.6568054361,30110.7586325592,2635.20195896736,1976.40146922552,13176.0097948368,24792.1754262154,6073.07740720481,17874.603475117,29048.0126144321
2020-07-01,50,61116.8690619741,9244.87360138042,4719.43983330981,4719.43983330981,18226.2807011916,1627.78291969837,1220.83718977378,8138.91459849186,13728.9002406915,3682.06989268371,13657.0392784299,16678.4259448356
2020-07-02,50,61116.8690619741,9244.87360138042,4719.43983330981,4719.43983330981,18226.2807011916,1627.78291969837,1220.83718977378,8138.91459849186,13728.9002406915,3682.06989268371,13657.0392784299,16678.4259448356
2020-07-03,50,61116.8690619741,9244.87360138042,4719.43983330981,4719.43983330981,18226.2807011916,1627.78291969837,1220.83718977378,8138.91459849186,13728.9002406915,3682.06989268371,13657.0392784299,16678.4259448356
2020-07-04,50,61116.8690619741,9244.87360138042,4719.43983330981,4719.43983330981,18226.2807011916,1627.78291969837,1220.83718977378,8138.91459849186,13728.9002406915,3682.06989268371,13657.0392784299,16678.4259448356
2020-07-05,50,61116.8690619741,9244.87360138042,4719.43983330981,4719.43983330981,18226.2807011916,1627.78291969837,1220.83718977378,8138.91459849186,13728.9002406915,3682.06989268371,13657.0392784299,16678.4259448356
2020-07-06,50,61116.8690619741,9244.87360138042,4719.43983330981,4719.43983330981,18226.2807011916,1627.78291969837,1220.83718977378,8138.91459849186,13728.9002406915,3682.06989268371,13657.0392784299,16678.4259448356
2020-07-07,50,61116.8690619741,9244.87360138042,4719.43983330981,4719.43983330981,18226.2807011916,1627.78291969837,1220.83718977378,8138.91459849186,13728.9002406915,3682.06989268371,13657.0392784299,16678.4259448356
2020-07-08,50,61116.8690619741,9244.87360138042,4719.43983330981,4719.43983330981,18226.2807011916,1627.78291969837,1220.83718977378,8138.91459849186,13728.9002406915,3682.06989268371,13657.0392784299,16678.4259448356
2020-07-09,50,61116.8690619741,9244.87360138042,4719.43983330981,4719.43983330981,18226.2807011916,1627.78291969837,1220.83718977378,8138.91459849186,13728.9002406915,3682.06989268371,13657.0392784299,16678.4259448356
2020-07-10,50,61116.8690619741,9244.87360138042,4719.43983330981,4719.43983330981,18226.2807011916,1627.78291969837,1220.83718977378,8138.91459849186,13728.9002406915,3682.06989268371,13657.0392784299,16678.4259448356
2020-07-11,50,61116.8690619741,9244.87360138042,4719.43983330981,4719.43983330981,18226.2807011916,1627.78291969837,1220.83718977378,8138.91459849186,13728.9002406915,3682.06989268371,13657.0392784299,16678.4259448356
2020-07-12,50,61116.8690619741,9244.87360138042,4719.43983330981,4719.43983330981,18226.2807011916,1627.78291969837,1220.83718977378,8138.91459849186,13728.9002406915,3682.06989268371,13657.0392784299,16678.4259448356
2020-07-13,50,61116.8690619741,9244.87360138042,4719.43983330981,4719.43983330981,18226.2807011916,1627.78291969837,1220.83718977378,8138.91459849186,13728.9002406915,3682.06989268371,13657.0392784299,16678.4259448356
2020-07-14,50,61116.8690619741,9244.87360138042,4719.43983330981,4719.43983330981,18226.2807011916,1627.78291969837,1220.83718977378,8138.91459849186,13728.9002406915,3682.06989268371,13657.0392784299,16678.4259448356
2020-07-15,50,61116.8690619741,9244.87360138042,4719.43983330981,4719.43983330981,18226.2807011916,1627.78291969837,1220.83718977378,8138.91459849186,13728.9002406915,3682.06989268371,13657.0392784299,16678.4259448356
2020-07-16,50,61116.8690619741,9244.87360138042,4719.43983330981,4719.43983330981,18226.2807011916,1627.78291969837,1220.83718977378,8138.91459849186,13728.9002406915,3682.06989268371,13657.0392784299,16678.4259448356
2020-07-17,50,61116.8690619741,9244.87360138042,4719.43983330981,4719.43983330981,18226.2807011916,1627.78291969837,1220.83718977378,8138.91459849186,13728.9002406915,3682.06989268371,13657.0392784299,16678.4259448356
2020-07-18,50,61116.8690619741,9244.87360138042,4719.43983330981,4719.43983330981,18226.2807011916,1627.78291969837,1220.83718977378,8138.91459849186,13728.9002406915,3682.06989268371,13657.0392784299,16678.4259448356
2020-07-19,50,61116.8690619741,9244.87360138042,4719.43983330981,4719.43983330981,18226.2807011916,1627.78291969837,1220.83718977378,8138.91459849186,13728.9002406915,3682.06989268371,13657.0392784299,16678.4259448356
2020-07-20,50,61116.8690619741,9244.87360138042,4719.43983330981,4719.43983330981,18226.2807011916,1627.78291969837,1220.83718977378,8138.91459849186,13728.9002406915,3682.06989268371,13657.0392784299,16678.4259448356
2020-07-21,50,61116.8690619741,9244.87360138042,4719.43983330981,4719.43983330981,18226.2807011916,1627.78291969837,1220.83718977378,8138.91459849186,13728.9002406915,3682.06989268371,13657.0392784299,16678.4259448356
2020-07-22,50,61116.8690619741,9244.87360138042,4719.43983330981,4719.43983330981,18226.2807011916,1627.78291969837,1220.83718977378,8138.91459849186,13728.9002406915,3682.06989268371,13657.0392784299,16678.4259448356
2020-07-23,50,61116.8690619741,9244.87360138042,4719.43983330981,4719.43983330981,18226.2807011916,1627.78291969837,1220.83718977378,8138.91459849186,13728.9002406915,3682.06989268371,13657.0392784299,16678.4259448356
2020-07-24,50,61116.8690619741,9244.87360138042,4719.43983330981,4719.43983330981,18226.2807011916,1627.78291969837,1220.83718977378,8138.91459849186,13728.9002406915,3682.06989268371,13657.0392784299,16678.4259448356
2020-07-25,50,61116.8690619741,9244.87360138042,4719.43983330981,4719.43983330981,18226.2807011916,1627.78291969837,1220.83718977378,8138.91459849186,13728.9002406915,3682.06989268371,13657.0392784299,16678.4259448356
2020-07-26,50,61116.8690619741,9244.87360138042,4719.43983330981,4719.43983330981,18226.2807011916,1627.78291969837,1220.83718977378,8138.91459849186,13728.9002406915,3682.06989268371,13657.0392784299,16678.4259448356
2020-07-27,50,61116.8690619741,9244.87360138042,4719.43983330981,4719.43983330981,18226.2807011916,1627.78291969837,1220.83718977378,8138.91459849186,13728.9002406915,3682.06989268371,13657.0392784299,16678.4259448356
2020-07-28,50,61116.8690619741,9244.87360138042,4719.43983330981,4719.43983330981,18226.2807011916,1627.78291969837,1220.83718977378,8138.91459849186,13728.9002406915,3682.06989268371,13657.0392784299,16678.4259448356
2020-07-29,50,61116.8690619741,9244.87360138042,4719.43983330981,4719.43983330981,18226.2807011916,1627.78291969837,1220.83718977378,8138.91459849186,13728.9002406915,3682.06989268371,13657.0392784299,16678.4259448356
2020-07-30,50,61116.8690619741,9244.87360138042,4719.43983330981,4719.43983330981,18226.2807011916,1627.78291969837,1220.83718977378,8138.91459849186,13728.9002406915,3682.06989268371,13657.0392784299,16678.4259448356
2020-07-31,50,61116.8690619741,9244.87360138042,4719.43983330981,4719.43983330981,18226.2807011916,1627.78291969837,1220.83718977378,8138.91459849186,13728.9002406915,3682.06989268371,13657.0392784299,16678.4259448356
2020-08-01,30,41779.2172562492,6442.29459136464,2818.91359020252,2818.91359020252,11542.8235201206,1050.08275619113,787.562067143346,5250.41378095564,8292.41265074381,2335.33515146199,10640.0164873779,10136.1762057265
2020-08-02,30,41779.2172562492,6442.29459136464,2818.91359020252,2818.91359020252,11542.8235201206,1050.08275619113,787.562067143346,5250.41378095564,8292.41265074381,2335.33515146199,10640.0164873779,10136.1762057265
2020-08-03,30,41779.2172562492,6442.29459136464,2818.91359020252,2818.91359020252,11542.8235201206,1050.08275619113,787.562067143346,5250.41378095564,8292.41265074381,2335.33515146199,10640.0164873779,10136.1762057265
2020-08-04,30,41779.2172562492,6442.29459136464,2818.91359020252,2818.91359020252,11542.8235201206,1050.08275619113,787.562067143346,5250.41378095564,8292.41265074381,2335.33515146199,10640.0164873779,10136.1762057265
2020-08-05,30,41779.2172562492,6442.29459136464,2818.91359020252,2818.91359020252,11542.8235201206,1050.08275619113,787.562067143346,5250.41378095564,8292.41265074381,2335.33515146199,10640.0164873779,10136.1762057265
2020-08-06,30,41779.2172562492,6442.29459136464,2818.91359020252,2818.91359020252,11542.8235201206,1050.08275619113,787.562067143346,5250.41378095564,8292.41265074381,2335.33515146199,10640.0164873779,10136.1762057265
2020-08-07,30,41779.2172562492,6442.29459136464,2818.91359020252,2818.91359020252,11542.8235201206,1050.08275619113,787.562067143346,5250.41378095564,8292.41265074381,2335.33515146199,10640.0164873779,10136.1762057265
2020-08-08,30,41779.2172562492,6442.29459136464,2818.91359020252,2818.91359020252,11542.8235201206,1050.08275619113,787.562067143346,5250.41378095564,8292.41265074381,2335.33515146199,10640.0164873779,10136.1762057265
2020-08-09,30,41779.2172562492,6442.29459136464,2818.91359020252,2818.91359020252,11542.8235201206,1050.08275619113,787.562067143346,5250.41378095564,8292.41265074381,2335.33515146199,10640.0164873779,10136.1762057265
2020-08-10,30,41779.2172562492,6442.29459136464,2818.91359020252,2818.91359020252,11542.8235201206,1050.08275619113,787.562067143346,5250.41378095564,8292.41265074381,2335.33515146199,10640.0164873779,10136.1762057265
2020-08-11,30,41779.2172562492,6442.29459136464,2818.91359020252,2818.91359020252,11542.8235201206,1050.08275619113,787.562067143346,5250.41378095564,8292.41265074381,2335.33515146199,10640.0164873779,10136.1762057265
2020-08-12,30,41779.2172562492,6442.29459136464,2818.91359020252,2818.91359020252,11542.8235201206,1050.08275619113,787.562067143346,5250.41378095564,8292.41265074381,2335.33515146199,10640.0164873779,10136.1762057265
2020-08-13,30,41779.2172562492,6442.29459136464,2818.91359020252,2818.91359020252,11542.8235201206,1050.08275619113,787.562067143346,5250.41378095564,8292.41265074381,2335.33515146199,10640.0164873779,10136.1762057265
2020-08-14,30,41779.2172562492,6442.29459136464,2818.91359020252,2818.91359020252,11542.8235201206,1050.08275619113,787.562067143346,5250.41378095564,8292.41265074381,2335.33515146199,10640.0164873779,10136.1762057265
2020-08-15,30,41779.2172562492,6442.29459136464,2818.91359020252,2818.91359020252,11542.8235201206,1050.08275619113,787.562067143346,5250.41378095564,8292.41265074381,2335.33515146199,10640.0164873779,10136.1762057265
2020-08-16,30,41779.2172562492,6442.29459136464,2818.91359020252,2818.91359020252,11542.8235201206,1050.08275619113,787.562067143346,5250.41378095564,8292.41265074381,2335.33515146199,10640.0164873779,10136.1762057265
2020-08-17,30,41779.2172562492,6442.29459136464,2818.91359020252,2818.91359020252,11542.8235201206,1050.08275619113,787.562067143346,5250.41378095564,8292.41265074381,2335.33515146199,10640.0164873779,10136.1762057265
2020-08-18,30,41779.2172562492,6442.29459136464,2818.91359020252,2818.91359020252,11542.8235201206,1050.08275619113,787.562067143346,5250.41378095564,8292.41265074381,2335.33515146199,10640.0164873779,10136.1762057265
2020-08-19,30,41779.2172562492,6442.29459136464,2818.91359020252,2818.91359020252,11542.8235201206,1050.08275619113,787.562067143346,5250.41378095564,8292.41265074381,2335.33515146199,10640.0164873779,10136.1762057265
2020-08-20,30,41779.2172562492,6442.29459136464,2818.91359020252,2818.91359020252,11542.8235201206,1050.08275619113,787.562067143346,5250.41378095564,8292.41265074381,2335.33515146199,10640.0164873779,10136.1762057265
2020-08-21,30,41779.2172562492,6442.29459136464,2818.91359020252,2818.91359020252,11542.8235201206,1050.08275619113,787.562067143346,5250.41378095564,8292.41265074381,2335.33515146199,10640.0164873779,10136.1762057265
2020-08-22,30,41779.2172562492,6442.29459136464,2818.91359020252,2818.91359020252,11542.8235201206,1050.08275619113,787.562067143346,5250.41378095564,8292.41265074381,2335.33515146199,10640.0164873779,10136.1762057265
2020-08-23,30,41779.2172562492,6442.29459136464,2818.91359020252,2818.91359020252,11542.8235201206,1050.08275619113,787.562067143346,5250.41378095564,8292.41265074381,2335.33515146199,10640.0164873779,10136.1762057265
2020-08-24,30,41779.2172562492,6442.29459136464,2818.91359020252,2818.91359020252,11542.8235201206,1050.08275619113,787.562067143346,5250.41378095564,8292.41265074381,2335.33515146199,10640.0164873779,10136.1762057265
2020-08-25,30,41779.2172562492,6442.29459136464,2818.91359020252,2818.91359020252,11542.8235201206,1050.08275619113,787.562067143346,5250.41378095564,8292.41265074381,2335.33515146199,10640.0164873779,10136.1762057265
2020-08-26,30,41779.2172562492,6442.29459136464,2818.91359020252,2818.91359020252,11542.8235201206,1050.08275619113,787.562067143346,5250.41378095564,8292.41265074381,2335.33515146199,10640.0164873779,10136.1762057265
2020-08-27,30,41779.2172562492,6442.29459136464,2818.91359020252,2818.91359020252,11542.8235201206,1050.08275619113,787.562067143346,5250.41378095564,8292.41265074381,2335.33515146199,10640.0164873779,10136.1762057265
2020-08-28,30,41779.2172562492,6442.29459136464,2818.91359020252,2818.91359020252,11542.8235201206,1050.08275619113,787.562067143346,5250.41378095564,8292.41265074381,2335.33515146199,10640.0164873779,10136.1762057265
2020-08-29,30,41779.2172562492,6442.29459136464,2818.91359020252,2818.91359020252,11542.8235201206,1050.08275619113,787.562067143346,5250.41378095564,8292.41265074381,2335.33515146199,10640.0164873779,10136.1762057265
2020-08-30,30,41779.2172562492,6442.29459136464,2818.91359020252,2818.91359020252,11542.8235201206,1050.08275619113,787.562067143346,5250.41378095564,8292.41265074381,2335.33515146199,10640.0164873779,10136.1762057265
2020-08-31,30,41779.2172562492,6442.29459136464,2818.91359020252,2818.91359020252,11542.8235201206,1050.08275619113,787.562067143346,5250.41378095564,8292.41265074381,2335.33515146199,10640.0164873779,10136.1762057265
2020-09-01,33,44979.0694267704,6968.12456042104,3092.30089480331,3092.30089480331,12533.6616801937,1136.43555418659,852.326665639943,5682.17777093295,9110.32025149974,2535.12379518415,11129.8088715455,11129.2179593677
2020-09-02,33,44979.0694267704,6968.12456042104,3092.30089480331,3092.30089480331,12533.6616801937,1136.43555418659,852.326665639943,5682.17777093295,9110.32025149974,2535.12379518415,11129.8088715455,11129.2179593677
2020-09-03,33,44979.0694267704,6968.12456042104,3092.30089480331,3092.30089480331,12533.6616801937,1136.43555418659,852.326665639943,5682.17777093295,9110.32025149974,2535.12379518415,11129.8088715455,11129.2179593677
2020-09-04,33,44979.0694267704,6968.12456042104,3092.30089480331,3092.30089480331,12533.6616801937,1136.43555418659,852.326665639943,5682.17777093295,9110.32025149974,2535.12379518415,11129.8088715455,11129.2179593677
2020-09-05,33,44979.0694267704,6968.12456042104,3092.30089480331,3092.30089480331,12533.6616801937,1136.43555418659,852.326665639943,5682.17777093295,9110.32025149974,2535.12379518415,11129.8088715455,11129.2179593677
2020-09-06,33,44979.0694267704,6968.12456042104,3092.30089480331,3092.30089480331,12533.6616801937,1136.43555418659,852.326665639943,5682.17777093295,9110.32025149974,2535.12379518415,11129.8088715455,11129.2179593677
2020-09-07,33,44979.0694267704,6968.12456042104,3092.30089480331,3092.30089480331,12533.6616801937,1136.43555418659,852.326665639943,5682.17777093295,9110.32025149974,2535.12379518415,11129.8088715455,11129.2179593677
2020-09-08,33,44979.0694267704,6968.12456042104,3092.30089480331,3092.30089480331,12533.6616801937,1136.43555418659,852.326665639943,5682.17777093295,9110.32025149974,2535.12379518415,11129.8088715455,11129.2179593677
2020-09-09,33,44979.0694267704,6968.12456042104,3092.30089480331,3092.30089480331,12533.6616801937,1136.43555418659,852.326665639943,5682.17777093295,9110.32025149974,2535.12379518415,11129.8088715455,11129.2179593677
2020-09-10,33,44979.0694267704,6968.12456042104,3092.30089480331,3092.30089480331,12533.6616801937,1136.43555418659,852.326665639943,5682.17777093295,9110.32025149974,2535.12379518415,11129.8088715455,11129.2179593677
2020-09-11,33,44979.0694267704,6968.12456042104,3092.30089480331,3092.30089480331,12533.6616801937,1136.43555418659,852.326665639943,5682.17777093295,9110.32025149974,2535.12379518415,11129.8088715455,11129.2179593677
2020-09-12,33,44979.0694267704,6968.12456042104,3092.30089480331,3092.30089480331,12533.6616801937,1136.43555418659,852.326665639943,5682.17777093295,9110.32025149974,2535.12379518415,11129.8088715455,11129.2179593677
2020-09-13,33,44979.0694267704,6968.12456042104,3092.30089480331,3092.30089480331,12533.6616801937,1136.43555418659,852.326665639943,5682.17777093295,9110.32025149974,2535.12379518415,11129.8088715455,11129.2179593677
2020-09-14,33,44979.0694267704,6968.12456042104,3092.30089480331,3092.30089480331,12533.6616801937,1136.43555418659,852.326665639943,5682.17777093295,9110.32025149974,2535.12379518415,11129.8088715455,11129.2179593677
2020-09-15,33,44979.0694267704,6968.12456042104,3092.30089480331,3092.30089480331,12533.6616801937,1136.43555418659,852.326665639943,5682.17777093295,9110.32025149974,2535.12379518415,11129.8088715455,11129.2179593677
2020-09-16,33,44979.0694267704,6968.12456042104,3092.30089480331,3092.30089480331,12533.6616801937,1136.43555418659,852.326665639943,5682.17777093295,9110.32025149974,2535.12379518415,11129.8088715455,11129.2179593677
2020-09-17,33,44979.0694267704,6968.12456042104,3092.30089480331,3092.30089480331,12533.6616801937,1136.43555418659,852.326665639943,5682.17777093295,9110.32025149974,2535.12379518415,11129.8088715455,11129.2179593677
2020-09-18,33,44979.0694267704,6968.12456042104,3092.30089480331,3092.30089480331,12533.6616801937,1136.43555418659,852.326665639943,5682.17777093295,9110.32025149974,2535.12379518415,11129.8088715455,11129.2179593677
2020-09-19,33,44979.0694267704,6968.12456042104,3092.30089480331,3092.30089480331,12533.6616801937,1136.43555418659,852.326665639943,5682.17777093295,9110.32025149974,2535.12379518415,11129.8088715455,11129.2179593677
2020-09-20,33,44979.0694267704,6968.12456042104,3092.30089480331,3092.30089480331,12533.6616801937,1136.43555418659,852.326665639943,5682.17777093295,9110.32025149974,2535.12379518415,11129.8088715455,11129.2179593677
2020-09-21,33,44979.0694267704,6968.12456042104,3092.30089480331,3092.30089480331,12533.6616801937,1136.43555418659,852.326665639943,5682.17777093295,9110.32025149974,2535.12379518415,11129.8088715455,11129.2179593677
2020-09-22,33,44979.0694267704,6968.12456042104,3092.30089480331,3092.30089480331,12533.6616801937,1136.43555418659,852.326665639943,5682.17777093295,9110.32025149974,2535.12379518415,11129.8088715455,11129.2179593677
2020-09-23,33,44979.0694267704,6968.12456042104,3092.30089480331,3092.30089480331,12533.6616801937,1136.43555418659,852.326665639943,5682.17777093295,9110.32025149974,2535.12379518415,11129.8088715455,11129.2179593677
2020-09-24,33,44979.0694267704,6968.12456042104,3092.30089480331,3092.30089480331,12533.6616801937,1136.43555418659,852.326665639943,5682.17777093295,9110.32025149974,2535.12379518415,11129.8088715455,11129.2179593677
2020-09-25,33,44979.0694267704,6968.12456042104,3092.30089480331,3092.30089480331,12533.6616801937,1136.43555418659,852.326665639943,5682.17777093295,9110.32025149974,2535.12379518415,11129.8088715455,11129.2179593677
2020-09-26,33,44979.0694267704,6968.12456042104,3092.30089480331,3092.30089480331,12533.6616801937,1136.43555418659,852.326665639943,5682.17777093295,9110.32025149974,2535.12379518415,11129.8088715455,11129.2179593677
2020-09-27,33,44979.0694267704,6968.12456042104,3092.30089480331,3092.30089480331,12533.6616801937,1136.43555418659,852.326665639943,5682.17777093295,9110.32025149974,2535.12379518415,11129.8088715455,11129.2179593677
2020-09-28,33,44979.0694267704,6968.12456042104,3092.30089480331,3092.30089480331,12533.6616801937,1136.43555418659,852.326665639943,5682.17777093295,9110.32025149974,2535.12379518415,11129.8088715455,11129.2179593677
2020-09-29,33,44979.0694267704,6968.12456042104,3092.30089480331,3092.30089480331,12533.6616801937,1136.43555418659,852.326665639943,5682.17777093295,9110.32025149974,2535.12379518415,11129.8088715455,11129.2179593677
2020-09-30,33,44979.0694267704,6968.12456042104,3092.30089480331,3092.30089480331,12533.6616801937,1136.43555418659,852.326665639943,5682.17777093295,9110.32025149974,2535.12379518415,11129.8088715455,11129.2179593677
